{"0": 0.09325982701411165, "1": 0.09851569698664517, "2": 0.10021258813540364, "3": 0.10002396098826727, "4": 0.06385347489318667, "5": 0.10189386386542944, "6": 0.10220601452548354, "7": 0.09842272530631589, "8": 0.10378210442677269, "9": 0.1047858643443738, "10": 0.10640488397944203, "11": 0.10655410393891288, "12": 0.10680263799536167, "13": 0.10828770651764137, "14": 0.10765886702601644, "15": 0.10706231007506221, "16": 0.10868772474241073, "17": 0.10840740533342236, "18": 0.1091333907488123, "19": 0.10989114716321913, "20": 0.1092998770852538, "21": 0.10960821405763421, "22": 0.11038181755285426, "23": 0.10726817005911336, "24": 0.10681790345863808, "25": 0.10391905855486225, "26": 0.10878482948174358, "27": 0.10949181517175323, "28": 0.11076328993162132, "29": 0.11107746208915788, "30": 0.11131083783766683, "31": 0.11148482421384182, "32": 0.11153700189807848, "33": 0.11147187439371935, "34": 0.11159157732477297, "35": 0.1116303351324364, "36": 0.11169096504773929, "37": 0.11154566282554121, "38": 0.11175163814538525, "39": 0.1117545082260131, "40": 0.11188211512357923, "41": 0.11159559948132888, "42": 0.11171280943525709, "43": 0.11093464873107123, "44": 0.11186241413711008, "45": 0.11198892717001753, "46": 0.11181136528055617, "47": 0.11181375187799934, "48": 0.11194824319474732, "49": 0.1118448356394334, "50": 0.11175111302555599, "51": 0.11181696058065531, "52": 0.11196651144376979, "53": 0.11210767208629638, "54": 0.11196145713933377, "55": 0.11181979848469739, "56": 0.11191160101460232, "57": 0.11197698094003816, "58": 0.11197710014513736, "59": 0.11197218333881881, "60": 0.11199233896226204, "61": 0.11205795869778995, "62": 0.11186601964029658, "63": 0.11178419897155667, "64": 0.11191403225002519, "65": 0.1119070438460114, "66": 0.11192938587198513, "67": 0.11203180480583248, "68": 0.11189672139818796, "69": 0.1119751593978541, "70": 0.1119369994266752, "71": 0.11181496606338198, "72": 0.11188925392313641, "73": 0.11199985357373651, "74": 0.11194328529091611, "75": 0.11210170158445314, "76": 0.11192961178321958, "77": 0.11183412031439807, "78": 0.11214237869481058, "79": 0.11183163381611923, "80": 0.11175241142589716, "81": 0.11181593253534501, "82": 0.11183803801131341, "83": 0.11192699255500474, "84": 0.11185532598007825, "85": 0.11176130464260209, "86": 0.11178645050338218, "87": 0.11173373077482972, "88": 0.11199331639338057, "89": 0.11200767600207392, "90": 0.11179775570757988, "91": 0.11183422147799424, "92": 0.11199681952883402, "93": 0.11184896875701161, "94": 0.11194713049016138, "95": 0.11198661237444, "96": 0.1118282397325574, "97": 0.11188224468878596, "98": 0.11160147341788541, "99": 0.11198840274835745, "100": 0.11204495882207854, "101": 0.11165096730954739, "102": 0.11189412603897017, "103": 0.1115771309811569, "104": 0.11102052980421273, "105": 0.07341308640536781, "106": 0.09234436114996936, "107": 0.0947322813477154, "108": 0.0954373576514811, "109": 0.09610996363255853, "110": 0.08377749715511738, "111": 0.09718277949645328, "112": 0.0928552327502017, "113": 0.09974580885804252, "114": 0.099455438341238, "115": 0.10066523415380514, "116": 0.10165287153260052, "117": 0.10170073305725956, "118": 0.1014279134134715, "119": 0.10173120932143268, "120": 0.10395216846453334, "121": 0.10313649992080047, "122": 0.1029591463301633, "123": 0.10250488399260871, "124": 0.10424933152337809, "125": 0.1045398659216112, "126": 0.10524100793859781, "127": 0.10622015106345183, "128": 0.10591215920679176, "129": 0.10635242294498524, "130": 0.10680744037162304, "131": 0.10695694743717515, "132": 0.1077520862322642, "133": 0.10813923992605101, "134": 0.1081548432533753, "135": 0.10845910371324481, "136": 0.10773534097104419, "137": 0.10715134915739923, "138": 0.10825025228580369, "139": 0.10834883186203513, "140": 0.1081814484395221, "141": 0.10819740418157034, "142": 0.10810895616873845, "143": 0.10813158664244148, "144": 0.10871201535523387, "145": 0.10885297916368279, "146": 0.10874797228460524, "147": 0.10904505361945786, "148": 0.10920671008007261, "149": 0.10932827145270119, "150": 0.10925638694408206, "151": 0.10933837898354981, "152": 0.10939368792584861, "153": 0.10914672979007396, "154": 0.10934385449991169, "155": 0.109318369241225, "156": 0.10941574190059913, "157": 0.1094287872820755, "158": 0.10960178888188911, "159": 0.10886884680453957, "160": 0.1094936292826645, "161": 0.1095162319079417, "162": 0.10949674916969789, "163": 0.10952436066357508, "164": 0.10957491099583781, "165": 0.1089357584856252, "166": 0.10963051315104957, "167": 0.10955570198244347, "168": 0.10988170181965999, "169": 0.10962751393490014, "170": 0.10984611079480333, "171": 0.10962868363243294, "172": 0.10971631716684886, "173": 0.10974250988390105, "174": 0.10980009195035342, "175": 0.10981220119809447, "176": 0.1097095185062944, "177": 0.10984456112963129, "178": 0.10985947581575824, "179": 0.10982834477951596, "180": 0.10988543972542973, "181": 0.1098447446555346, "182": 0.10972782369563208, "183": 0.109798459443871, "184": 0.10970405797778104, "185": 0.10979229796906051, "186": 0.1098049662912312, "187": 0.11004184328797209, "188": 0.10992068448415927, "189": 0.10981814369584984, "190": 0.10970915047993916, "191": 0.10996529400027895, "192": 0.10978700212461834, "193": 0.10980867255746699, "194": 0.1097775672274253, "195": 0.10975559791983883, "196": 0.10997737373568778, "197": 0.109830231239014, "198": 0.11010212580754006, "199": 0.10984018881514418}