{"0": 0.0934993399060742, "1": 0.09932539878822168, "2": 0.10185214473304297, "3": 0.10174061912990394, "4": 0.06394424162034834, "5": 0.10389176570242654, "6": 0.10447336620373576, "7": 0.1008793804195704, "8": 0.10664464442582014, "9": 0.10764980246215144, "10": 0.10939771150591299, "11": 0.11030336258096646, "12": 0.11054538618118738, "13": 0.11203380554455107, "14": 0.11157314842207722, "15": 0.11142116670340159, "16": 0.11297962559826266, "17": 0.11311698741475912, "18": 0.11336318815029502, "19": 0.11437958399779959, "20": 0.11398747554708105, "21": 0.11431463115855266, "22": 0.11528762419039482, "23": 0.11211470008048209, "24": 0.11127927246485496, "25": 0.1084311090411475, "26": 0.11342288439666799, "27": 0.11415728600445474, "28": 0.11540566588816926, "29": 0.11572991090368233, "30": 0.1159619529613078, "31": 0.11619153518987288, "32": 0.11635270715610277, "33": 0.11643491420456221, "34": 0.11653832706432411, "35": 0.11667008321157961, "36": 0.11673878879410153, "37": 0.11681267656881068, "38": 0.11689040316960109, "39": 0.11687884192629791, "40": 0.11700087752576216, "41": 0.11696612997918286, "42": 0.11711276351252796, "43": 0.11648593413001905, "44": 0.11714239414393876, "45": 0.11712559181058109, "46": 0.1170643029142713, "47": 0.11714967491770356, "48": 0.11727545228456657, "49": 0.1172797108961258, "50": 0.1172004708830858, "51": 0.11731958975977967, "52": 0.11735419973928625, "53": 0.11739867336278166, "54": 0.11735223264646641, "55": 0.11739844990688712, "56": 0.11746086842935721, "57": 0.11742886984405151, "58": 0.11734376050869591, "59": 0.11740880477413011, "60": 0.11744414756402456, "61": 0.1174517266908655, "62": 0.11747243871318253, "63": 0.117358256897086, "64": 0.1175202076670705, "65": 0.11740977928152917, "66": 0.11748822443831006, "67": 0.1175592417306349, "68": 0.11747300970928236, "69": 0.1175360024230829, "70": 0.11760201283125811, "71": 0.11751740783582632, "72": 0.11750720790584228, "73": 0.11750133895015995, "74": 0.11749552413331024, "75": 0.11756058530002544, "76": 0.11761155065382564, "77": 0.11746935849726915, "78": 0.11759219857589884, "79": 0.11750863066050297, "80": 0.11756609960413146, "81": 0.11748660986098021, "82": 0.11755534908743895, "83": 0.11758692562664341, "84": 0.11755895558337348, "85": 0.11753809383739812, "86": 0.11749531765846835, "87": 0.11753004856364282, "88": 0.1176107899778969, "89": 0.11759614126923168, "90": 0.11763702962039009, "91": 0.11752219185239683, "92": 0.11761042881924585, "93": 0.11763908477808488, "94": 0.11757657812835723, "95": 0.11758804227640517, "96": 0.11757514027045024, "97": 0.11753851771140186, "98": 0.11750869615179627, "99": 0.11760456862690113}