{"0": 0.7805635365698543, "1": 0.794107419479063, "2": 0.8114559292274813, "3": 0.8085031127589364, "4": 0.7642562796442852, "5": 0.8324721025705364, "6": 0.8378407187029525, "7": 0.7894723142843209, "8": 0.8674579006487331, "9": 0.887260354481188, "10": 0.8970199351833449, "11": 0.9060173898260637, "12": 0.9085113978032292, "13": 0.9402806492730302, "14": 0.9372584458988509, "15": 0.9298315285386685, "16": 0.9497157301381101, "17": 0.9500552726533743, "18": 0.9506586678280434, "19": 0.9571556345706818, "20": 0.952825562217714, "21": 0.9579167940869991, "22": 0.963571125812006, "23": 0.9032280144383577, "24": 0.9203470722945953, "25": 0.8815569060295726, "26": 0.9489801227547894, "27": 0.9603419188500196, "28": 0.9684099401799664, "29": 0.9712651221797634, "30": 0.9741705235821279, "31": 0.975492468695983, "32": 0.9757150050401808, "33": 0.9781163337837703, "34": 0.9788163288176459, "35": 0.979603925330379, "36": 0.9799108504185479, "37": 0.9806844797024825, "38": 0.9812352595367047, "39": 0.9811898864630362, "40": 0.9818960755408723, "41": 0.9828494954590442, "42": 0.9833948299798898, "43": 0.9780407800607441, "44": 0.9827521468692499, "45": 0.9833584008334375, "46": 0.9838356417105779, "47": 0.98421564290419, "48": 0.984879957522199, "49": 0.9853561501765149, "50": 0.985297967003145, "51": 0.9857341229908966, "52": 0.9857314684006296, "53": 0.9861099721330643, "54": 0.9859932654542348, "55": 0.9862894360484965, "56": 0.9862005549209948, "57": 0.9865062684269386, "58": 0.9856801054822536, "59": 0.9867977560517047, "60": 0.9870487986114027, "61": 0.9869225354076063, "62": 0.986995407313796, "63": 0.9872205029552817, "64": 0.9872401605365495, "65": 0.9875541781453868, "66": 0.9878083381469916, "67": 0.9877130315497106, "68": 0.987711234596295, "69": 0.9877879862882653, "70": 0.9876610288070146, "71": 0.9879605074291488, "72": 0.9880273214242168, "73": 0.9880774455337981, "74": 0.9879999995643739, "75": 0.9881914023293734, "76": 0.988279316913753, "77": 0.988271489275784, "78": 0.9882142045791146, "79": 0.9883733574756738, "80": 0.9883375409269748, "81": 0.9882378780789968, "82": 0.9881293665967908, "83": 0.9879553207681634, "84": 0.9880586455893839, "85": 0.9882969188892273, "86": 0.9886413894130931, "87": 0.9887150508897186, "88": 0.9886012846801125, "89": 0.9886714339296179, "90": 0.9885869907325118, "91": 0.9885988070625261, "92": 0.9887797684391401, "93": 0.9886244681017887, "94": 0.9887795506266029, "95": 0.9884995389997716, "96": 0.988864225249525, "97": 0.9889831508935532, "98": 0.988980155971198, "99": 0.9888346163580685}