{"0": 0.09379771069508114, "1": 0.10020677040056433, "2": 0.10367243794914255, "3": 0.10166958833693271, "4": 0.09646009905868039, "5": 0.10362802487195377, "6": 0.1046025066035763, "7": 0.10187390569048856, "8": 0.10749763015809846, "9": 0.10838092598070445, "10": 0.11020549478305397, "11": 0.11021657861255102, "12": 0.1104688895230047, "13": 0.11248627707229175, "14": 0.11258246439006825, "15": 0.11278274216440753, "16": 0.11361685633746324, "17": 0.1140946587704319, "18": 0.11388267917252266, "19": 0.1143724325541733, "20": 0.11372478237747123, "21": 0.11498092620582709, "22": 0.11629824294816413, "23": 0.11408045586138463, "24": 0.11096787047685931, "25": 0.10811371219028242, "26": 0.11257573902617195, "27": 0.11430488259541469, "28": 0.11588715400496914, "29": 0.11718067973903312, "30": 0.11737380547904903, "31": 0.11826433671572509, "32": 0.11971755940409572, "33": 0.11920328598394044, "34": 0.11985108800618623, "35": 0.12002782882988923, "36": 0.12107248283050497, "37": 0.1208707292414268, "38": 0.12136889277348967, "39": 0.12168934145079746, "40": 0.1220538392483963, "41": 0.12193663910394512, "42": 0.12289308622310631, "43": 0.12236476706969464, "44": 0.12282279662217548, "45": 0.12331080893511794, "46": 0.12309032064500315, "47": 0.12421760592741365, "48": 0.12400509037750101, "49": 0.12464164214581507, "50": 0.12455228247308583, "51": 0.12522564578764306, "52": 0.12479792953489001, "53": 0.12534132916857563, "54": 0.12495117789787236, "55": 0.1256088074200799, "56": 0.12525763114293417, "57": 0.12569161122898198, "58": 0.12523750209374562, "59": 0.12587412978738924, "60": 0.12595424970175204, "61": 0.12641344381860142, "62": 0.12613844716012826, "63": 0.1254551202759602, "64": 0.1263212631675557, "65": 0.12624918701177687, "66": 0.12623240868792762, "67": 0.1266471741563096, "68": 0.12610317986884398, "69": 0.1263080743981357, "70": 0.1266431634522491, "71": 0.12634763361005655, "72": 0.12612897325709968, "73": 0.12640310953081246, "74": 0.12612581769962963, "75": 0.12655256474771084, "76": 0.12664610995865344, "77": 0.12691000258179821, "78": 0.12641835571680737, "79": 0.1266487452108509, "80": 0.1264252594035596, "81": 0.12613209858766913, "82": 0.1264077426537672, "83": 0.1258093085327981, "84": 0.12622323363426008, "85": 0.12631476632905425, "86": 0.12647414105534144, "87": 0.12622058342463202, "88": 0.12589861133122748, "89": 0.1261773691926672, "90": 0.12632739200159893, "91": 0.12533639710034614, "92": 0.12566024000435772, "93": 0.12602160045403285, "94": 0.12552146389799104, "95": 0.12582733976014324, "96": 0.12576317130097237, "97": 0.12540931399263264, "98": 0.12546976587814726, "99": 0.12569954840947867, "100": 0.1250966161929411, "101": 0.12505988541375393, "102": 0.12509040800241356, "103": 0.12486693385439847, "104": 0.12210042252011247, "105": 0.0840452000974504, "106": 0.08228840380318787, "107": 0.0842983097661577, "108": 0.08572842325302915, "109": 0.08890013196727807, "110": 0.08702212463267636, "111": 0.09058890102186279, "112": 0.08945176999925175, "113": 0.09374801612114153, "114": 0.09486965353351624, "115": 0.09758393706896441, "116": 0.09749541475146323, "117": 0.09983185114875472, "118": 0.09974203964038644, "119": 0.10096094805275375, "120": 0.101962037572501, "121": 0.10251349236316137, "122": 0.10274390541106575, "123": 0.10292383810774469, "124": 0.10437005530650208, "125": 0.10507913296508331, "126": 0.1050472658062325, "127": 0.10675263299724715, "128": 0.10670252908065972, "129": 0.10728153437017944, "130": 0.10828039506907484, "131": 0.10837383085137334, "132": 0.10983044297075992, "133": 0.11069346668689144, "134": 0.11046004604319301, "135": 0.11132640361407349, "136": 0.11041414767882278, "137": 0.10962795621948557, "138": 0.1110534008030952, "139": 0.11108985998265898, "140": 0.11218248343768498, "141": 0.11180227608194558, "142": 0.11134150906645307, "143": 0.11139887007361951, "144": 0.1119804310734191, "145": 0.11255226680964815, "146": 0.11273833099270537, "147": 0.113526488067643, "148": 0.1143416615923655, "149": 0.11455592747369747, "150": 0.11494383770413633, "151": 0.11484020244786718, "152": 0.11529156411436879, "153": 0.11453730397123346, "154": 0.11538439165254741, "155": 0.11520237892794519, "156": 0.11629368730562067, "157": 0.11569816715838857, "158": 0.11648979745971515, "159": 0.11463003558030949, "160": 0.1160692258073299, "161": 0.115115958513098, "162": 0.11587788285339079, "163": 0.1161263328399848, "164": 0.11686734674857156, "165": 0.11523875219947564, "166": 0.11742688058128972, "167": 0.11736759005022998, "168": 0.1180339766799933, "169": 0.11817932156785182, "170": 0.11847816948378327, "171": 0.11767830404012096, "172": 0.1186081597378808, "173": 0.11877139189165153, "174": 0.11838541652558393, "175": 0.11900509713576334, "176": 0.11871549335186563, "177": 0.11857730396017764, "178": 0.11912239799988954, "179": 0.11896967658964253, "180": 0.11914606120244277, "181": 0.11923117695233686, "182": 0.11885265767871003, "183": 0.11911848289754601, "184": 0.11948045962891381, "185": 0.11892730263379936, "186": 0.11897446261702883, "187": 0.11942863982289753, "188": 0.11967801074780347, "189": 0.11930354277405426, "190": 0.11954984831320965, "191": 0.11946806658943045, "192": 0.11921154931724746, "193": 0.11887648803975792, "194": 0.11892035841900911, "195": 0.11941682843768306, "196": 0.11964646132692945, "197": 0.1193993616934867, "198": 0.11999287231452188, "199": 0.11981845672417865}