{"0": 0.7743515157575647, "1": 0.7850846448581987, "2": 0.7993235797633921, "3": 0.7912528332812269, "4": 0.7597013062595007, "5": 0.8120861255644125, "6": 0.8088540695146488, "7": 0.7636719571002973, "8": 0.8263903986221168, "9": 0.848669080305913, "10": 0.8575449365025357, "11": 0.8548794409144985, "12": 0.8581709375788157, "13": 0.8812685218268562, "14": 0.8796640152102305, "15": 0.8714948167893565, "16": 0.8907548963522084, "17": 0.8857416264813065, "18": 0.8872974476221995, "19": 0.8930052038999166, "20": 0.8868692945767394, "21": 0.8950361189307109, "22": 0.8969029496775549, "23": 0.8330953656243634, "24": 0.8622953417495981, "25": 0.8302014328034271, "26": 0.8857364541626391, "27": 0.8969783314329873, "28": 0.9055045361508404, "29": 0.9089948181576959, "30": 0.9117932683339813, "31": 0.9126507033039777, "32": 0.91346121111292, "33": 0.9143198023287611, "34": 0.9153651785604822, "35": 0.9146587876106937, "36": 0.9157438456523204, "37": 0.9149840416180617, "38": 0.9151848452595505, "39": 0.9157440782698236, "40": 0.9163478712159417, "41": 0.9165007146009796, "42": 0.9168951312663313, "43": 0.9110489949391174, "44": 0.9166927608775242, "45": 0.9173804192763616, "46": 0.9169314264390097, "47": 0.917832874009541, "48": 0.9178668772156147, "49": 0.9181822860291119, "50": 0.918052827545152, "51": 0.9188327529937048, "52": 0.9181968930401717, "53": 0.9185213397279648, "54": 0.9185340652738968, "55": 0.9182431291904003, "56": 0.917839188890668, "57": 0.9182461326929067, "58": 0.9180516302491649, "59": 0.9193774610932136, "60": 0.9192918715342729, "61": 0.9189978019561336, "62": 0.9190018796041856, "63": 0.9191604494848928, "64": 0.9193161869053743, "65": 0.9191163753091334, "66": 0.9186144072555645, "67": 0.9197708378214856, "68": 0.9191587732705088, "69": 0.9191885209445552, "70": 0.9191441594177573, "71": 0.9195101899056485, "72": 0.9190885296252874, "73": 0.9186493204065865, "74": 0.9192381642570785, "75": 0.9196762172299413, "76": 0.9192905647712226, "77": 0.9192780992095617, "78": 0.9189229880610844, "79": 0.9198174981565707, "80": 0.9193218655092056, "81": 0.919850824035201, "82": 0.9199154506518101, "83": 0.9186422529394087, "84": 0.9196402915085963, "85": 0.9195851406345219, "86": 0.9198888091056463, "87": 0.9198682292980277, "88": 0.9202446933652465, "89": 0.9192093812615179, "90": 0.9195313991488706, "91": 0.918925341602913, "92": 0.9193087294617924, "93": 0.9194765424675277, "94": 0.9202773487581205, "95": 0.9193861363578651, "96": 0.9199946842794773, "97": 0.9193338384690894, "98": 0.920207679814975, "99": 0.9195764722115664, "100": 0.9203886357098184, "101": 0.9191095473011545, "102": 0.9202494688658155, "103": 0.9191943090154459, "104": 0.9140615490049013, "105": 0.6573405313947159, "106": 0.7503851872237043, "107": 0.7567035439304453, "108": 0.7579951184258441, "109": 0.7589227970410608, "110": 0.6797133547516585, "111": 0.7774481200017347, "112": 0.727212590671567, "113": 0.7900458905079797, "114": 0.7773845401639029, "115": 0.7966935993952156, "116": 0.8078201120658081, "117": 0.8162478169531178, "118": 0.807344682933035, "119": 0.8263800813515421, "120": 0.8332454244410188, "121": 0.8319661034148456, "122": 0.8137096452413357, "123": 0.8408938880489139, "124": 0.8519427338391591, "125": 0.8551107311326926, "126": 0.8539619016858808, "127": 0.8694325326036687, "128": 0.8620090785413032, "129": 0.8682704781674518, "130": 0.8780647972210261, "131": 0.879425582266248, "132": 0.8827833954449432, "133": 0.8866768377987148, "134": 0.8855254221925647, "135": 0.8893050461688299, "136": 0.8812974006060974, "137": 0.8610943033559969, "138": 0.8852836436615055, "139": 0.8889946317900207, "140": 0.885784147593126, "141": 0.8833057791055405, "142": 0.8773195591476828, "143": 0.8832881070167528, "144": 0.888561333792657, "145": 0.8943303300497599, "146": 0.8951268671249398, "147": 0.8943519497944636, "148": 0.8954543720487691, "149": 0.8976383220319557, "150": 0.8976479756584661, "151": 0.8982926613938547, "152": 0.897177732527744, "153": 0.897760671998586, "154": 0.8976133088083333, "155": 0.8983769510314418, "156": 0.8995833875195308, "157": 0.8991337857716454, "158": 0.8996447985411982, "159": 0.8894348946291958, "160": 0.8961172977333316, "161": 0.8972608932862538, "162": 0.8991455603224789, "163": 0.8995380271057976, "164": 0.9007929985524056, "165": 0.8971734564706403, "166": 0.8990166012819903, "167": 0.9000218031020318, "168": 0.8996092354294962, "169": 0.9013983719292267, "170": 0.9002808021702499, "171": 0.900568105315631, "172": 0.9012019811786711, "173": 0.9014013480649747, "174": 0.9009813708406862, "175": 0.9007572438733465, "176": 0.9012251060954787, "177": 0.9007174936465318, "178": 0.9009996244732439, "179": 0.9012722248238908, "180": 0.9022047747233543, "181": 0.901770190488018, "182": 0.9016564063189679, "183": 0.9009842033009124, "184": 0.9014096470365969, "185": 0.9014725221802182, "186": 0.9019302518574369, "187": 0.9024625491288167, "188": 0.900531023348449, "189": 0.902360744761345, "190": 0.9012789433648055, "191": 0.9021035176911907, "192": 0.9016436534062666, "193": 0.9013434605143559, "194": 0.9009153964108821, "195": 0.9020512540108718, "196": 0.9012555789888067, "197": 0.9018567378837473, "198": 0.9017655997131093, "199": 0.9015089336616467}