{"0": 0.0940982887465405, "1": 0.10114909200343848, "2": 0.10502159930358493, "3": 0.10316580559936214, "4": 0.09657699715020389, "5": 0.10550427605789867, "6": 0.1066549237400212, "7": 0.10370830646995964, "8": 0.1103383924588154, "9": 0.11140513205849896, "10": 0.11313618345522002, "11": 0.1138041470138753, "12": 0.11436997211024247, "13": 0.11624262563354983, "14": 0.11683172319857964, "15": 0.11740406880491093, "16": 0.11806992330980268, "17": 0.118905932159046, "18": 0.11848896534736854, "19": 0.1195978375324786, "20": 0.11855807530953259, "21": 0.12038183740538652, "22": 0.1214900111138332, "23": 0.11919060867035487, "24": 0.11525624264235217, "25": 0.11240605027745657, "26": 0.11771839318155754, "27": 0.11920420143529366, "28": 0.12131878601824814, "29": 0.12273549719566042, "30": 0.12311817643543084, "31": 0.12428950480200716, "32": 0.12603875080154078, "33": 0.12583907128723917, "34": 0.12657925741533277, "35": 0.12696569825680368, "36": 0.12827052513921194, "37": 0.12837924501894277, "38": 0.1289414120787154, "39": 0.1296292269052785, "40": 0.12997895762670397, "41": 0.13019592049302625, "42": 0.13133635426886747, "43": 0.13062196466155718, "44": 0.13118491158947918, "45": 0.1317179828902574, "46": 0.13168991014076387, "47": 0.13305132791318527, "48": 0.1329069447352505, "49": 0.1338542203617389, "50": 0.13381716020690287, "51": 0.13460819562642626, "52": 0.13413392276569305, "53": 0.13494703205190395, "54": 0.1345090917947758, "55": 0.13549820023278394, "56": 0.13516603031607924, "57": 0.13564137488990372, "58": 0.13508457927124912, "59": 0.13586760791720914, "60": 0.13611992103520965, "61": 0.13649883885649058, "62": 0.13650970886680272, "63": 0.1355691488140105, "64": 0.13674792004596503, "65": 0.13667392846237603, "66": 0.13697724261122649, "67": 0.1372802068576054, "68": 0.13655038464488717, "69": 0.13695132573099572, "70": 0.13742597095790457, "71": 0.13719682894199273, "72": 0.13687487456520073, "73": 0.13718391007799757, "74": 0.13682335530168535, "75": 0.13742509385560706, "76": 0.13751412108744102, "77": 0.13767427128683674, "78": 0.13717739055533715, "79": 0.13757926877079113, "80": 0.1372450491047052, "81": 0.1369767917340489, "82": 0.13734055500823616, "83": 0.136660527926488, "84": 0.13704889635122863, "85": 0.13720452630780433, "86": 0.13728561691044133, "87": 0.13705708189292357, "88": 0.13676311943903974, "89": 0.1369920932163632, "90": 0.13742468978883954, "91": 0.13612215075886153, "92": 0.13648305777867473, "93": 0.13696971239491565, "94": 0.13634430773841227, "95": 0.13651229712419985, "96": 0.1363977384066484, "97": 0.1362624362803222, "98": 0.13626251003292741, "99": 0.1363095723275767}